budget,id,original_language,original_title,revenue,runtime,title,release_date,popularity,vote_average,vote_count
200000000,338953,en,Fantastic Beasts: The Secrets of Dumbledore,400000000,142,Fantastic Beasts: The Secrets of Dumbledore,2022-04-06,2051.16,6.7,1092
110000000,675353,en,Sonic the Hedgehog 2,393000000,122,Sonic the Hedgehog 2,2022-03-30,7088.307,7.8,1622
74000000,752623,en,The Lost City,164289828,112,The Lost City,2022-03-24,11288.261,6.7,768
75000000,526896,en,Morbius,161000000,105,Morbius,2022-03-30,11236.546,6.3,1125
200000000,453395,en,Doctor Strange in the Multiverse of Madness,930000000,126,Doctor Strange in the Multiverse of Madness,2022-05-04,3108.869,7.4,1852
70000000,639933,en,The Northman,68350700,137,The Northman,2022-04-07,7895.411,7.5,1095
200000000,634649,en,Spider-Man: No Way Home,1892000000,148,Spider-Man: No Way Home,2021-12-15,4816.033,8.1,13011
190000000,508947,en,Turning Red,18879922,100,Turning Red,2022-03-10,3000.916,7.5,2225
120000000,335787,en,Uncharted,400780000,116,Uncharted,2022-02-10,6178.481,7.2,2098
185000000,414906,en,The Batman,768442517,177,The Batman,2022-03-01,6372.913,7.8,4767
80000000,629542,en,The Bad Guys,229000000,100,The Bad Guys,2022-03-17,2651.704,7.8,494
0,628900,en,The Contractor,2122288,103,The Contractor,2022-03-10,4386.168,6.6,249
146000000,406759,en,Moonfall,58000000,130,Moonfall,2022-02-03,2823.628,6.5,1095
50000000,568124,en,Encanto,253000000,102,Encanto,2021-11-24,1168.402,7.7,6502
15800000,635302,ja,劇場版「鬼滅の刃」無限列車編,503063688,117,Demon Slayer -Kimetsu no Yaiba- The Movie: Mugen Train,2020-10-16,933.858,8.4,2428
0,420821,en,Chip 'n Dale: Rescue Rangers,0,99,Chip 'n Dale: Rescue Rangers,2022-05-20,337.602,7.4,232
40000000,763285,en,Ambulance,50254920,136,Ambulance,2022-03-16,3529.926,7.0,654
165000000,284052,en,Doctor Strange,677700000,115,Doctor Strange,2016-10-25,1552.696,7.4,19031
165000000,284052,en,Doctor Strange,677700000,115,Doctor Strange,2007-08-14,199.799,6.9,265
0,585083,en,Hotel Transylvania: Transformania,0,87,Hotel Transylvania: Transformania,2022-02-25,1127.646,7.1,896
0,843241,ja,劇場版 七つの大罪 光に呪われし者たち,0,79,The Seven Deadly Sins: Cursed by Light,2021-07-02,634.049,7.9,341
43000000,823625,en,Blacklight,15400000,104,Blacklight,2022-02-10,1108.103,6.2,392
0,799876,en,The Outfit,3186865,105,The Outfit,2022-02-25,2638.232,7.0,231
0,810171,en,The Valet,0,124,The Valet,2006-03-29,25.812,5.9,437
110000000,580489,en,Venom: Let There Be Carnage,500000000,97,Venom: Let There Be Carnage,2021-09-30,785.613,7.0,7347
0,774825,en,The Ice Age Adventures of Buck Wild,0,82,The Ice Age Adventures of Buck Wild,2022-01-28,1187.307,6.8,1151
150000000,135397,en,Jurassic World,1671713208,124,Jurassic World,2015-06-06,248.001,6.7,17972
5000000,303857,ja,ドラゴンボールZ 復活の「F」,61768190,93,Dragon Ball Z: Resurrection 'F',2015-04-18,244.374,6.8,1388
85000000,438695,en,Sing 2,406000000,110,Sing 2,2021-12-01,735.083,8.1,2755
170000000,351286,en,Jurassic World: Fallen Kingdom,1303459585,129,Jurassic World: Fallen Kingdom,2018-06-06,201.042,6.6,9798
0,833425,en,No Exit,0,96,No Exit,2022-02-25,757.952,6.7,474
150000000,566525,en,Shang-Chi and the Legend of the Ten Rings,432243292,132,Shang-Chi and the Legend of the Ten Rings,2021-09-01,645.866,7.7,6499
200000000,524434,en,Eternals,402064899,156,Eternals,2021-11-03,626.208,7.1,5592
40000000,460458,en,Resident Evil: Welcome to Raccoon City,38600612,107,Resident Evil: Welcome to Raccoon City,2021-11-24,608.1,6.2,1558
116000000,696806,en,The Adam Project,471000000,106,The Adam Project,2022-03-11,1146.042,7.1,2291
82000000,459151,en,The Boss Baby: Family Business,146745280,107,The Boss Baby: Family Business,2021-07-01,495.777,7.6,1922
0,800937,en,Senior Year,0,112,Senior Year,2022-05-11,1258.595,6.0,249
0,776305,ja,竜とそばかすの姫,63501160,122,Belle,2021-07-16,31.369,8.0,321
0,776305,ja,竜とそばかすの姫,63501160,122,Belle,2013-05-01,11.272,7.2,581
75000000,425909,en,Ghostbusters: Afterlife,191000000,124,Ghostbusters: Afterlife,2021-11-11,538.408,7.7,2733
100000000,476669,en,The King's Man,125928656,131,The King's Man,2021-12-22,665.769,6.9,2669
15000000,744,en,Top Gun,356830601,110,Top Gun,1986-05-16,348.728,7.0,5503
0,294793,en,All the Old Knives,0,101,All the Old Knives,2022-04-08,2255.528,6.0,248
0,860623,en,Last Man Down,0,87,Last Man Down,2021-10-19,531.065,6.3,463
24000000,646385,en,Scream,140000000,114,Scream,1996-12-20,41.802,7.3,5099
24000000,646385,en,Scream,140000000,114,Scream,2022-01-12,512.54,6.8,1317
160000000,512195,en,Red Notice,178143,118,Red Notice,2021-11-04,435.972,6.8,3628
0,800510,en,Kimi,0,89,Kimi,2022-02-10,780.214,6.2,406
25000000,381284,en,Hidden Figures,230698791,127,Hidden Figures,2016-12-10,36.905,8.0,7749
190000000,624860,en,The Matrix Resurrections,156497322,148,The Matrix Resurrections,2021-12-16,528.993,6.7,3695
64000000,585245,en,Clifford the Big Red Dog,67000000,97,Clifford the Big Red Dog,2021-11-10,487.811,7.3,1255
20000000,460465,en,Mortal Kombat,83601013,110,Mortal Kombat,2021-04-07,319.935,7.2,4639
20000000,460465,en,Mortal Kombat,83601013,110,Mortal Kombat,1995-08-18,23.843,5.8,1783
300000000,299536,en,Avengers: Infinity War,2046239637,149,Avengers: Infinity War,2018-04-25,362.768,8.3,24616
200000000,337404,en,Cruella,233503234,134,Cruella,2021-05-26,347.221,8.2,7037
0,877183,en,The Simpsons in Plusaversary,0,4,The Simpsons in Plusaversary,2021-11-12,412.693,6.6,288
380000000,1865,en,Pirates of the Caribbean: On Stranger Tides,1045713802,137,Pirates of the Caribbean: On Stranger Tides,2011-05-14,394.486,6.5,11970
200000000,508943,en,Luca,49010641,95,Luca,2021-06-17,289.322,7.9,6280
237000000,19995,en,Avatar,2847246203,162,Avatar,2009-12-10,408.794,7.5,25439
0,126963,ja,ドラゴンボールZ 神と神,50461371,85,Dragon Ball Z: Battle of Gods,2013-03-30,154.792,6.8,1214
110000000,550988,en,Free Guy,331096766,115,Free Guy,2021-08-11,322.18,7.7,5709
14000000,744275,en,After We Fell,21500000,99,After We Fell,2021-09-01,242.256,7.1,1703
0,818750,en,The In Between,0,116,The In Between,2022-02-11,444.188,7.1,295
125000000,671,en,Harry Potter and the Philosopher's Stone,976475550,152,Harry Potter and the Philosopher's Stone,2001-11-16,224.145,7.9,22610
0,892153,en,Tom and Jerry Cowboy Up!,0,75,Tom and Jerry Cowboy Up!,2022-01-24,1087.876,7.0,302
0,760868,sv,Svart krabba,0,109,Black Crab,2022-03-18,1134.936,6.3,450
185000000,436969,en,The Suicide Squad,167417425,132,The Suicide Squad,2021-07-28,315.338,7.7,6165
26000000,675445,en,PAW Patrol: The Movie,144327371,86,PAW Patrol: The Movie,2021-08-09,302.82,7.5,929
0,928381,fr,Sans répit,0,95,Restless,2011-09-16,6.25,6.5,349
0,928381,fr,Sans répit,0,95,Restless,2022-02-25,569.238,6.0,245
0,726684,fr,"Miraculous World: Shanghai, la légende de Ladydragon",0,52,Miraculous World: Shanghai – The Legend of Ladydragon,2021-05-15,187.936,7.9,441
200000000,399566,en,Godzilla vs. Kong,467863133,113,Godzilla vs. Kong,2021-03-24,250.296,7.8,7905
161900000,379686,en,Space Jam: A New Legacy,162892228,115,Space Jam: A New Legacy,2021-07-08,262.007,7.0,3121
6500000,760926,en,Gold,0,97,Gold,2016-02-03,17.507,6.6,1344
6500000,760926,en,Gold,0,97,Gold,2022-01-13,860.925,6.4,256
0,860159,en,Crush,0,92,Crush,2013-03-13,17.86,5.9,264
0,926899,en,The House,0,97,The House,2022-01-14,524.836,7.0,608
0,39100,ja,ドラゴンボールZ この世で一番強いヤツ,18000000,60,Dragon Ball Z: The World's Strongest,1990-03-10,89.651,6.4,368
100000000,672,en,Harry Potter and the Chamber of Secrets,876688482,161,Harry Potter and the Chamber of Secrets,2002-11-13,178.344,7.7,18221
300000000,285,en,Pirates of the Caribbean: At World's End,961000000,169,Pirates of the Caribbean: At World's End,2007-05-19,342.187,7.2,12059
200000000,58,en,Pirates of the Caribbean: Dead Man's Chest,1065659812,151,Pirates of the Caribbean: Dead Man's Chest,2006-07-06,387.224,7.3,13443
200000000,385128,en,F9,726229501,143,F9,2021-05-19,292.705,7.3,5360
165000000,438631,en,Dune,400671789,155,Dune,2021-09-15,260.048,7.9,6999
165000000,438631,en,Dune,400671789,155,Dune,1984-12-14,33.177,6.2,2202
20000000,626735,en,Dog,77263354,102,Dog,2022-02-17,159.181,7.3,312
0,774741,en,Diary of a Wimpy Kid,0,58,Diary of a Wimpy Kid,2021-12-03,270.802,6.4,228
0,774741,en,Diary of a Wimpy Kid,0,58,Diary of a Wimpy Kid,2010-03-19,30.219,6.2,1258
0,347201,ja,BORUTO -NARUTO THE MOVIE-,40200000,95,Boruto: Naruto the Movie,2015-08-07,171.108,7.6,1037
200000000,497698,en,Black Widow,379751655,134,Black Widow,2021-07-07,270.677,7.4,7598
150000000,674,en,Harry Potter and the Goblet of Fire,895921036,157,Harry Potter and the Goblet of Fire,2005-11-16,188.231,7.8,17240
9100000,589761,ru,Чернобыль,6459306,136,Chernobyl: Abyss,2021-04-15,292.435,6.1,363
0,818647,es,A través de mi ventana,0,112,Through My Window,2022-02-04,269.044,7.6,1856
130000000,673,en,Harry Potter and the Prisoner of Azkaban,789804554,141,Harry Potter and the Prisoner of Azkaban,2004-05-31,178.324,8.0,17920
39000000,423108,en,The Conjuring: The Devil Made Me Do It,201000000,111,The Conjuring: The Devil Made Me Do It,2021-05-25,231.055,7.6,4420
140000000,22,en,Pirates of the Caribbean: The Curse of the Black Pearl,655011224,143,Pirates of the Caribbean: The Curse of the Black Pearl,2003-07-09,352.654,7.8,17446
30000000,862,en,Toy Story,373554033,81,Toy Story,1995-10-30,168.668,8.0,15396
0,34433,ja,ドラゴンボールＺ 燃え尽きろ!!熱戦・烈戦・超激戦,21658982,70,Dragon Ball Z: Broly – The Legendary Super Saiyan,1993-03-06,131.97,7.2,650
200000000,451048,en,Jungle Cruise,220889446,127,Jungle Cruise,2021-07-28,212.485,7.5,4291
0,703771,en,Deathstroke: Knights & Dragons - The Movie,0,87,Deathstroke: Knights & Dragons - The Movie,2020-08-04,244.982,6.9,347
70000000,791373,en,Zack Snyder's Justice League,0,242,Zack Snyder's Justice League,2021-03-18,228.884,8.3,7771
0,482321,en,Ron's Gone Wrong,60000000,107,Ron's Gone Wrong,2021-10-15,283.126,8.1,1232
85000000,454626,en,Sonic the Hedgehog,306766470,99,Sonic the Hedgehog,2020-02-12,528.233,7.4,8007
60000000,597208,en,Nightmare Alley,39629195,150,Nightmare Alley,2021-12-02,410.557,7.0,1664
0,18095,ja,ドラゴンボールGT 悟空外伝! 勇気の証しは四星球(スーシンチュウ),0,45,Dragon Ball GT: A Hero's Legacy,1997-03-26,99.21,6.7,237
200000000,588228,en,The Tomorrow War,0,138,The Tomorrow War,2021-07-02,212.166,8.0,5440
60000000,14836,en,Coraline,124600000,100,Coraline,2009-02-05,196.498,7.8,5768
100000000,527774,en,Raya and the Last Dragon,130000000,107,Raya and the Last Dragon,2021-03-03,190.91,8.0,5321
0,639721,en,The Addams Family 2,119815153,93,The Addams Family 2,2021-10-01,197.323,7.1,849
25000000,545611,en,Everything Everywhere All at Once,82000000,140,Everything Everywhere All at Once,2022-03-24,210.548,8.5,353
14000000,537915,en,After,69497587,106,After,2019-04-11,155.184,7.2,7069
0,592350,ja,僕のヒーローアカデミア THE MOVIE ヒーローズ：ライジング,29900850,104,My Hero Academia: Heroes Rising,2019-12-20,319.541,8.3,918
26000000,7445,en,Brothers,43318349,105,Brothers,2009-01-22,106.738,7.1,2201
0,613504,en,After We Collided,42000000,105,After We Collided,2020-09-02,166.596,7.3,4567
250000000,370172,en,No Time to Die,774153007,163,No Time to Die,2021-09-29,244.425,7.5,4097
356000000,299534,en,Avengers: Endgame,2797800564,181,Avengers: Endgame,2019-04-24,238.392,8.3,21053
220000000,24428,en,The Avengers,1518815515,143,The Avengers,2012-04-25,253.717,7.7,26928
65000000,529203,en,The Croods: A New Age,168285000,95,The Croods: A New Age,2020-11-25,192.315,7.6,2974
40000000,637649,en,Wrath of Man,103966489,119,Wrath of Man,2021-04-22,186.206,7.7,3642
0,811592,en,One Shot,0,97,One Shot,2021-11-05,350.42,6.8,613
88000000,568620,en,Snake Eyes: G.I. Joe Origins,36964325,121,Snake Eyes: G.I. Joe Origins,2021-07-22,251.173,6.7,1134
18000000,631843,en,Old,90112510,108,Old,2021-07-21,209.043,6.6,2660
1000000,317442,ja,The Last: Naruto the Movie,16500000,114,The Last: Naruto the Movie,2014-12-06,188.488,7.8,1179
2500000,522402,en,Finch,0,115,Finch,2021-11-04,220.358,8.1,2320
29000000,20982,ja,劇場版 NARUTO -ナルト- 疾風伝,0,94,Naruto Shippuden the Movie,2007-08-04,173.383,7.2,438
58000000,293660,en,Deadpool,783100000,108,Deadpool,2016-02-09,201.805,7.6,26753
230000000,166426,en,Pirates of the Caribbean: Dead Men Tell No Tales,794861794,129,Pirates of the Caribbean: Dead Men Tell No Tales,2017-05-23,241.322,6.6,10179
10000000,632357,en,The Unholy,30833138,99,The Unholy,2021-03-31,233.142,6.8,1622
60000000,400160,en,The SpongeBob Movie: Sponge on the Run,4700000,95,The SpongeBob Movie: Sponge on the Run,2020-08-14,148.952,7.6,2467
75000000,522016,en,The 355,24000000,122,The 355,2022-01-05,426.097,6.0,451
34000000,198663,en,The Maze Runner,348319861,113,The Maze Runner,2014-09-10,216.636,7.2,14621
150000000,10195,en,Thor,449326618,115,Thor,2011-04-21,203.785,6.8,18195
90000000,863,en,Toy Story 2,497366869,92,Toy Story 2,1999-10-30,137.563,7.6,11599
175000000,354912,en,Coco,800526015,105,Coco,2017-10-27,182.006,8.2,15666
0,581726,en,Infinite,0,106,Infinite,2021-09-09,172.112,6.7,1061
0,609972,en,Paranormal Activity: Next of Kin,0,98,Paranormal Activity: Next of Kin,2021-10-29,282.224,6.5,360
0,516329,en,Antlers,18312201,99,Antlers,2021-10-28,296.188,6.4,665
0,840882,en,The Weekend Away,0,90,The Weekend Away,2022-03-03,418.987,6.0,396
60000000,808,en,Shrek,487853320,90,Shrek,2001-05-18,130.372,7.7,13873
150000000,118,en,Charlie and the Chocolate Factory,474968763,115,Charlie and the Chocolate Factory,2005-07-13,141.981,7.0,12565
180000000,259316,en,Fantastic Beasts and Where to Find Them,809342332,132,Fantastic Beasts and Where to Find Them,2016-11-16,331.506,7.4,16636
45223,876716,en,Ciao Alberto,0,7,Ciao Alberto,2021-11-12,195.069,7.5,476
40000000,324786,en,Hacksaw Ridge,175302354,139,Hacksaw Ridge,2016-10-07,184.282,8.2,10930
365000000,99861,en,Avengers: Age of Ultron,1405403694,141,Avengers: Age of Ultron,2015-04-22,175.743,7.3,19840
61000000,520763,en,A Quiet Place Part II,297372261,97,A Quiet Place Part II,2021-05-21,171.872,7.6,4327
10000000,482373,en,Don't Breathe 2,45000000,98,Don't Breathe 2,2021-08-12,179.701,7.4,1647
0,739413,en,Mother/Android,0,111,Mother/Android,2021-12-17,313.491,5.8,482
0,372058,ja,君の名は。,357986087,106,Your Name.,2016-08-26,191.184,8.5,8708
175000000,301528,en,Toy Story 4,1073394593,100,Toy Story 4,2019-06-19,110.172,7.6,8003
68000000,24021,en,The Twilight Saga: Eclipse,698491347,124,The Twilight Saga: Eclipse,2010-06-23,152.022,6.2,7508
59000000,425,en,Ice Age,383257136,81,Ice Age,2002-03-10,132.872,7.3,11102
250000000,767,en,Harry Potter and the Half-Blood Prince,933959197,153,Harry Potter and the Half-Blood Prince,2009-07-07,185.676,7.7,16138
100000000,617653,en,The Last Duel,30500000,153,The Last Duel,2021-10-13,243.911,7.5,2128
200000000,464052,en,Wonder Woman 1984,165160005,151,Wonder Woman 1984,2020-12-16,220.971,6.6,6784
50000000,587807,en,Tom & Jerry,132000000,101,Tom & Jerry,2021-02-10,158.116,7.0,2007
0,44251,ja,ドラゴンボールＺ 危険なふたり！超戦士はねむれない,24200000,48,Dragon Ball Z: Broly – Second Coming,1994-03-12,112.862,6.7,510
12000000,505262,ja,僕のヒーローアカデミア THE MOVIE ～2人の英雄～,31478826,96,My Hero Academia: Two Heroes,2018-08-03,145.662,8.0,762
23000000,615904,en,Marry Me,44000000,112,Marry Me,2022-02-09,201.615,6.9,399
100000000,106646,en,The Wolf of Wall Street,392000000,180,The Wolf of Wall Street,2013-12-25,155.146,8.0,19740
45000000,8587,en,The Lion King,763455561,89,The Lion King,1994-06-23,149.359,8.3,15314
45000000,8587,en,The Lion King,763455561,89,The Lion King,2019-07-12,106.691,7.1,8438
260000000,420818,en,The Lion King,1667635327,118,The Lion King,1994-06-23,149.359,8.3,15314
260000000,420818,en,The Lion King,1667635327,118,The Lion King,2019-07-12,106.691,7.1,8438
18000000,602223,en,The Forever Purge,76994245,103,The Forever Purge,2021-06-30,158.184,7.2,1762
40000000,216015,en,Fifty Shades of Grey,571006128,125,Fifty Shades of Grey,2015-02-11,163.585,5.9,10222
60000000,458576,en,Monster Hunter,42145959,104,Monster Hunter,2020-12-03,172.901,6.8,2561
79000000,474350,en,It Chapter Two,473122525,169,It Chapter Two,2019-09-04,140.049,6.9,6899
0,39106,ja,ドラゴンボールＺ 超戦士撃破!!勝のはオレだ,19500000,50,Dragon Ball Z: Bio-Broly,1994-07-09,99.814,5.8,403
150000000,675,en,Harry Potter and the Order of the Phoenix,938212738,138,Harry Potter and the Order of the Phoenix,2007-06-28,156.058,7.7,16351
3000000,38234,en,Undisputed III: Redemption,0,96,Undisputed III: Redemption,2010-05-22,150.084,7.5,635
20000000,610253,en,Halloween Kills,131647155,105,Halloween Kills,2021-10-14,175.584,6.7,1724
0,16187,en,Buzz Lightyear of Star Command: The Adventure Begins,0,70,Buzz Lightyear of Star Command: The Adventure Begins,2000-08-08,26.119,6.4,256
50000000,13811,en,Knowing,155446362,121,Knowing,2009-03-19,150.236,6.1,4370
0,745881,th,ร่างทรง,7230000,131,The Medium,2021-07-14,144.916,7.0,318
0,573164,es,Un rescate de huevitos,3500000,88,An Egg Rescue,2021-08-12,134.957,8.0,307
180000000,68726,en,Pacific Rim,407602906,131,Pacific Rim,2013-07-11,124.465,6.8,10548
1000000,503314,ja,ドラゴンボール超スーパー ブロリー,125002821,101,Dragon Ball Super: Broly,2018-12-14,110.197,7.8,2252
0,571891,ja,劇場版 ポケットモンスター ミュウツーの逆襲 EVOLUTION,26654184,98,Pokemon the Movie: Mewtwo Strikes Back - Evolution,2019-07-12,199.826,6.7,378
215000000,1930,en,The Amazing Spider-Man,757930663,136,The Amazing Spider-Man,2012-06-23,197.996,6.7,14886
17000000,615457,en,Nobody,61779301,92,Nobody,2021-03-18,131.921,8.2,4625
110000000,383498,en,Deadpool 2,786365638,119,Deadpool 2,2018-05-10,159.831,7.5,14681
150000000,508442,en,Soul,136384442,101,Soul,2020-12-25,149.719,8.2,8026
68000000,214756,en,Ted 2,215863606,115,Ted 2,2015-06-25,184.56,6.3,6188
150000000,809,en,Shrek 2,928760770,93,Shrek 2,2004-05-19,129.436,7.2,9972
0,39104,ja,ドラゴンボールＺ 極限バトル！三大超サイヤ人,18554927,46,Dragon Ball Z: Super Android 13!,1992-07-11,86.207,6.7,385
0,39323,ja,ドラゴンボールZ たったひとりの最終決戦〜フリーザに挑んだZ戦士 孫悟空の父〜,0,48,Dragon Ball Z: Bardock - The Father of Goku,1990-10-17,67.034,7.5,500
200000000,10138,en,Iron Man 2,623933331,124,Iron Man 2,2010-04-28,172.48,6.8,17934
0,531219,en,Roald Dahl's The Witches,26900000,106,Roald Dahl's The Witches,2020-10-25,121.069,6.5,2154
0,770254,en,Back to the Outback,0,92,Back to the Outback,2021-12-03,223.38,7.7,446
125000000,12445,en,Harry Potter and the Deathly Hallows: Part 2,1341511219,130,Harry Potter and the Deathly Hallows: Part 2,2011-07-07,168.049,8.1,17254
180000000,284053,en,Thor: Ragnarok,853977126,131,Thor: Ragnarok,2017-10-24,194.514,7.6,17650
170000000,76338,en,Thor: The Dark World,644571402,112,Thor: The Dark World,2013-10-30,155.254,6.6,14840
0,604822,zh,急先锋,27900000,107,Vanguard,2020-09-30,107.692,6.3,407
250000000,12444,en,Harry Potter and the Deathly Hallows: Part 1,954305868,146,Harry Potter and the Deathly Hallows: Part 1,2010-10-17,147.019,7.8,16015
0,796499,en,Army of Thieves,0,127,Army of Thieves,2021-10-27,173.449,6.9,1308
13000000,138843,en,The Conjuring,319494638,112,The Conjuring,2013-07-18,129.644,7.5,9388
0,39101,ja,ドラゴンボールZ 地球まるごと超決戦,15000000,61,Dragon Ball Z: The Tree of Might,1990-06-07,79.25,6.5,416
0,532067,ja,映画 この素晴らしい世界に祝福を！紅伝説,0,90,KonoSuba: God's Blessing on this Wonderful World! Legend of Crimson,2019-08-30,219.817,8.3,388
150000000,2062,en,Ratatouille,623726000,111,Ratatouille,2007-06-28,106.311,7.8,13946
0,813258,en,Monster Pets: A Hotel Transylvania Short,0,6,Monster Pets: A Hotel Transylvania Short,2021-04-02,148.583,7.5,302
0,523936,fr,Méandre,700000,91,Meander,2021-05-26,249.106,6.1,248
55000000,337167,en,Fifty Shades Freed,368307760,105,Fifty Shades Freed,2018-01-17,158.557,6.7,6882
3000000,453354,fr,Ava,500000,106,Ava,2020-07-02,155.6,5.7,1980
0,539885,en,Ava,2987741,96,Ava,2020-07-02,155.6,5.7,1980
0,763788,en,Dangerous,0,99,Dangerous,2021-11-05,301.127,6.3,238
37000000,8966,en,Twilight,393616788,122,Twilight,2008-11-20,107.174,6.3,11528
175000000,315635,en,Spider-Man: Homecoming,880166924,133,Spider-Man: Homecoming,2017-07-05,162.583,7.4,18588
0,550205,en,Wish Dragon,25860000,99,Wish Dragon,2021-01-15,120.717,8.1,856
150000000,268896,en,Pacific Rim: Uprising,290061297,111,Pacific Rim: Uprising,2018-03-21,101.163,6.1,4005
0,39107,ja,ドラゴンボールZ 復活のフュージョン!! 悟空とベジータ,23500000,55,Dragon Ball Z: Fusion Reborn,1995-03-04,83.377,7.5,629
160000000,429617,en,Spider-Man: Far From Home,1131927996,129,Spider-Man: Far From Home,2019-06-28,135.913,7.5,12603
200000000,338952,en,Fantastic Beasts: The Crimes of Grindelwald,653355901,134,Fantastic Beasts: The Crimes of Grindelwald,2018-11-14,262.555,6.9,9238
0,447362,en,Life in a Year,0,107,Life in a Year,2020-11-27,61.64,8.3,1012
250000000,271110,en,Captain America: Civil War,1153296293,147,Captain America: Civil War,2016-04-27,139.015,7.4,19810
200000000,102382,en,The Amazing Spider-Man 2,708962323,142,The Amazing Spider-Man 2,2014-04-16,148.517,6.5,11027
110000000,39254,en,Real Steel,299268508,127,Real Steel,2011-09-28,129.669,6.9,6698
200000000,10193,en,Toy Story 3,1066969703,103,Toy Story 3,2010-06-16,93.572,7.8,12493
95000000,32657,en,Percy Jackson & the Olympians: The Lightning Thief,226497209,118,Percy Jackson & the Olympians: The Lightning Thief,2010-02-01,123.849,6.2,6350
0,61979,es,Tres metros sobre el cielo,0,122,Three Steps Above Heaven,2010-12-03,119.833,7.8,2468
12000000,57214,en,Project X,102731865,88,Project X,2012-03-01,132.91,6.8,5181
165000000,177572,en,Big Hero 6,657827828,102,Big Hero 6,2014-10-24,136.367,7.7,13633
20000000,296096,en,Me Before You,207945075,110,Me Before You,2016-06-01,147.019,7.9,10105
0,348893,en,Boyka: Undisputed IV,0,87,Boyka: Undisputed IV,2016-08-01,121.36,7.0,1009
0,843906,en,Straight Outta Nowhere: Scooby-Doo! Meets Courage the Cowardly Dog,0,72,Straight Outta Nowhere: Scooby-Doo! Meets Courage the Cowardly Dog,2021-09-14,140.376,8.2,287
25000000,50014,en,The Help,216639112,146,The Help,2011-08-09,94.764,8.2,6379
200000000,597,en,Titanic,2187463944,194,Titanic,1997-11-18,123.636,7.9,21016
0,672582,en,The Deep House,0,85,The Deep House,2021-06-30,157.118,6.4,621
150000000,109445,en,Frozen,1274219009,102,Frozen,2013-11-20,111.826,7.3,14244
150000000,109445,en,Frozen,1274219009,102,Frozen,2010-02-05,12.971,5.9,1481
0,24752,ja,ドラゴンボールZ とびっきりの最強対最強,16331742,48,Dragon Ball Z: Cooler's Revenge,1991-07-20,95.964,6.9,483
0,378064,ja,映画 聲の形,30156463,130,A Silent Voice: The Movie,2016-09-17,109.076,8.4,2944
0,39105,ja,ドラゴンボールZ 銀河ギリギリ!! ぶっちぎりの凄い奴,20100000,51,Dragon Ball Z: Bojack Unbound,1993-07-10,82.6,7.0,412
68000000,228150,en,Fury,211817906,135,Fury,2014-10-15,115.107,7.5,9943
150000000,330457,en,Frozen II,1450026933,103,Frozen II,2019-11-20,120.772,7.3,8202
0,895001,th,ปริศนารูหลอน,0,125,The Whole Truth,2016-03-25,9.226,6.5,918
69000000,20352,en,Despicable Me,533679475,95,Despicable Me,2010-07-08,73.201,7.2,13098
63000000,329,en,Jurassic Park,920100000,127,Jurassic Park,1993-06-11,53.053,7.9,13468
250000000,122917,en,The Hobbit: The Battle of the Five Armies,956019788,144,The Hobbit: The Battle of the Five Armies,2014-12-10,121.9,7.3,11990
0,691683,en,Cheaper by the Dozen,0,107,Cheaper by the Dozen,2003-12-24,26.962,6.3,2356
90000000,505026,en,Death on the Nile,137110100,127,Death on the Nile,1978-09-29,15.295,7.1,545
90000000,505026,en,Death on the Nile,137110100,127,Death on the Nile,2022-02-09,192.584,6.5,1690
0,39108,ja,ドラゴンボールZ 龍拳爆発!!悟空がやらねば誰がやる,24000000,51,Dragon Ball Z: Wrath of the Dragon,1995-07-15,81.433,7.2,504
0,39102,ja,ドラゴンボールゼット 超スーパーサイヤ人じんだ孫そん悟ご空くう,16400000,52,Dragon Ball Z: Lord Slug,1991-03-19,73.027,6.4,393
1200000,176,en,Saw,103911669,103,Saw,2004-10-01,61.946,7.4,7402
1200000,176,en,Saw,103911669,103,Saw,2003-01-01,12.075,7.0,395
165000000,82690,en,Wreck-It Ralph,471222889,101,Wreck-It Ralph,2012-01-01,99.437,7.3,10653
40000000,10144,en,The Little Mermaid,211343479,83,The Little Mermaid,1989-11-17,111.637,7.4,6442
79000000,72545,en,Journey 2: The Mysterious Island,355692760,94,Journey 2: The Mysterious Island,2012-01-19,101.969,6.1,3536
90000000,10674,en,Mulan,304320254,88,Mulan,1998-06-18,111.951,7.9,8044
90000000,10674,en,Mulan,304320254,88,Mulan,2020-09-04,128.899,7.0,5650
200000000,337401,en,Mulan,66800000,115,Mulan,1998-06-18,111.951,7.9,8044
200000000,337401,en,Mulan,66800000,115,Mulan,2020-09-04,128.899,7.0,5650
125000000,98566,en,Teenage Mutant Ninja Turtles,477200000,101,Teenage Mutant Ninja Turtles,1990-03-30,20.169,6.6,1349
125000000,98566,en,Teenage Mutant Ninja Turtles,477200000,101,Teenage Mutant Ninja Turtles,2014-08-07,107.341,5.9,5873
200000000,14161,en,2012,791217826,158,2012,2009-10-10,120.544,5.8,10450
0,39103,ja,ドラゴンボールZ 激突!!100億パワーの戦士たち,19581369,46,Dragon Ball Z: The Return of Cooler,1992-03-07,78.109,6.6,417
40000000,34851,en,Predators,127233108,107,Predators,2010-07-03,73.692,6.2,3181
0,632632,ja,映画 ギヴン,0,60,Given,2020-08-22,221.521,8.4,318
26000000,22894,en,Legion,67918658,100,Legion,2010-01-21,121.262,5.8,2097
0,841755,en,Mortal Kombat Legends: Battle of the Realms,0,80,Mortal Kombat Legends: Battle of the Realms,2021-08-30,111.888,7.9,263
0,568160,ja,天気の子,186965409,112,Weathering with You,2019-06-19,134.684,8.1,1459
200000000,72190,en,World War Z,531865000,116,World War Z,2013-06-20,122.725,6.8,13062
40000000,3933,en,Corpse Bride,118133252,77,Corpse Bride,2005-09-12,101.408,7.5,7143
165000000,157336,en,Interstellar,701729206,169,Interstellar,2014-11-05,115.299,8.4,28515
175000000,260514,en,Cars 3,383925276,102,Cars 3,2017-06-15,116.687,6.8,4526
55000000,475557,en,Joker,1074251311,122,Joker,2019-10-02,113.936,8.2,20576
116000000,335983,en,Venom,855013954,112,Venom,2018-09-28,135.521,6.8,13333
84000000,9637,en,Scooby-Doo,275650703,88,Scooby-Doo,2002-06-14,91.657,6.0,3574
125000000,131631,en,The Hunger Games: Mockingjay - Part 1,752100229,123,The Hunger Games: Mockingjay - Part 1,2014-11-19,117.9,6.8,13561
170000000,373571,en,Godzilla: King of the Monsters,386600138,132,Godzilla: King of the Monsters,2019-05-29,88.982,6.7,4807
120000000,50620,en,The Twilight Saga: Breaking Dawn - Part 2,829000000,115,The Twilight Saga: Breaking Dawn - Part 2,2012-11-13,89.926,6.5,7666
30000000,637693,en,Spirit Untamed,17635215,88,Spirit Untamed,2021-05-20,127.004,7.5,373
110000000,254128,en,San Andreas,473990832,114,San Andreas,2015-05-27,90.213,6.2,7189
94000000,12,en,Finding Nemo,940335536,100,Finding Nemo,2003-05-30,97.402,7.8,16384
75000000,35,en,The Simpsons Movie,527068851,87,The Simpsons Movie,2007-07-25,91.516,7.0,6762
0,706972,en,Narco Sub,0,93,Narco Sub,2021-01-22,116.636,6.7,220
0,436931,ja,劇場版 ポケットモンスター　キミにきめた！,37552144,98,Pokémon the Movie: I Choose You!,2017-07-15,117.489,7.0,512
0,741074,en,Once Upon a Snowman,0,7,Once Upon a Snowman,2020-10-23,104.572,6.9,429
0,554596,es,No Manches Frida 2,0,102,No Manches Frida 2,2019-03-15,95.02,8.0,695
210000000,91314,en,Transformers: Age of Extinction,1104054072,165,Transformers: Age of Extinction,2014-06-25,104.077,5.9,6713
0,503736,en,Army of the Dead,780000,148,Army of the Dead,2021-05-14,110.099,6.3,3069
5000000,529106,ru,Майор Гром: Чумной Доктор,4493306,136,Major Grom: Plague Doctor,2021-04-01,126.163,6.7,434
0,763148,en,Time Is Up,0,108,Time Is Up,2021-09-09,106.786,6.3,302
2900000,11224,en,Cinderella,263591415,74,Cinderella,1950-02-22,91.444,7.0,5652
2900000,11224,en,Cinderella,263591415,74,Cinderella,2015-03-12,61.367,6.8,6235
2900000,11224,en,Cinderella,263591415,74,Cinderella,2021-09-03,44.226,6.5,1094
95000000,150689,en,Cinderella,543514353,105,Cinderella,1950-02-22,91.444,7.0,5652
95000000,150689,en,Cinderella,543514353,105,Cinderella,2015-03-12,61.367,6.8,6235
95000000,150689,en,Cinderella,543514353,105,Cinderella,2021-09-03,44.226,6.5,1094
0,588921,en,AINBO: Spirit of the Amazon,7877742,84,AINBO: Spirit of the Amazon,2021-02-09,125.092,7.0,319
76000000,93456,en,Despicable Me 2,970761885,98,Despicable Me 2,2013-06-26,72.542,6.9,9747
0,283566,ja,シン・エヴァンゲリオン劇場版:||,92246218,155,Evangelion: 3.0+1.0 Thrice Upon a Time,2021-03-08,184.706,8.4,502
0,75258,en,Secret of the Wings,0,92,Secret of the Wings,2012-08-17,61.832,7.1,945
175000000,404368,en,Ralph Breaks the Internet,529221154,112,Ralph Breaks the Internet,2018-11-20,69.991,7.2,6233
40000000,259693,en,The Conjuring 2,320392818,134,The Conjuring 2,2016-06-08,103.203,7.3,6806
25000000,276907,en,Legend,42972994,132,Legend,2015-09-09,74.092,7.0,2957
25000000,276907,en,Legend,42972994,132,Legend,1985-08-28,13.081,6.3,935
0,672322,ja,るろうに剣心 最終章 The Beginning,0,138,Rurouni Kenshin: The Beginning,2021-06-04,149.101,7.8,272
100000000,305470,en,Power Rangers,142337240,124,Power Rangers,2017-03-23,40.523,6.3,3860
260000000,38757,en,Tangled,592461732,100,Tangled,2010-11-24,103.232,7.6,9410
0,175112,en,Tinker Bell and the Pirate Fairy,20300000,78,Tinker Bell and the Pirate Fairy,2014-02-13,43.811,6.8,791
40000000,22832,en,Ninja Assassin,60462347,99,Ninja Assassin,2009-09-29,97.01,6.5,1151
22000000,439079,en,The Nun,365550119,96,The Nun,2018-09-05,82.738,5.8,5217
0,826749,en,Fortress,0,100,Fortress,2021-12-17,226.038,6.2,218
0,826749,en,Fortress,0,100,Fortress,1992-09-30,9.307,6.1,488
0,591273,en,Fear Street: 1994,0,107,Fear Street: 1994,2021-06-28,87.965,6.8,1531
0,25769,en,Carriers,5802422,84,Carriers,2009-09-04,85.699,6.1,1094
140000000,1726,en,Iron Man,585174222,126,Iron Man,2008-04-30,120.175,7.6,22750
150000000,269149,en,Zootopia,1023784195,109,Zootopia,2016-02-11,75.258,7.7,13938
20000000,602734,en,Spiral: From the Book of Saw,40618920,93,Spiral: From the Book of Saw,2021-05-12,82.124,6.1,1251
23000000,634528,en,The Marksman,23076711,108,The Marksman,2021-01-15,124.069,7.0,1188
45000000,522478,en,Peter Rabbit 2: The Runaway,153000000,93,Peter Rabbit 2: The Runaway,2021-03-25,110.903,7.2,559
110000000,50619,en,The Twilight Saga: Breaking Dawn - Part 1,712171856,117,The Twilight Saga: Breaking Dawn - Part 1,2011-11-16,85.507,6.2,7546
55000000,458156,en,John Wick: Chapter 3 - Parabellum,326709727,130,John Wick: Chapter 3 - Parabellum,2019-05-15,93.059,7.4,7915
0,75624,ja,劇場版 NARUTO -ナルト- ブラッド・プリズン,0,108,Naruto Shippuden the Movie: Blood Prison,2011-07-30,101.29,7.2,369
250000000,337339,en,The Fate of the Furious,1238764765,136,The Fate of the Furious,2017-04-12,164.16,6.9,8905
12000000,26022,hi,My Name Is Khan,42345360,165,My Name Is Khan,2010-02-11,20.442,8.0,1014
0,767304,en,Redemption Day,0,100,Redemption Day,2021-01-08,130.368,6.2,206
200000000,49013,en,Cars 2,559852396,106,Cars 2,2011-06-11,107.452,6.0,6264
185000000,420809,en,Maleficent: Mistress of Evil,491570967,119,Maleficent: Mistress of Evil,2019-10-16,95.161,7.3,5043
15000000,9820,en,The Parent Trap,92108518,128,The Parent Trap,1998-07-28,95.872,7.1,3285
15000000,9820,en,The Parent Trap,92108518,128,The Parent Trap,1961-05-13,10.079,7.1,275
180000000,102651,en,Maleficent,758539785,97,Maleficent,2014-05-28,82.834,7.1,11625
175000000,333339,en,Ready Player One,582890172,140,Ready Player One,2018-03-28,115.982,7.6,12915
0,366170,ja,遊☆戯☆王 THE DARK SIDE OF DIMENSIONS,1015339,130,Yu-Gi-Oh!: The Dark Side of Dimensions,2016-04-23,100.377,7.6,277
40000000,38575,en,The Karate Kid,359126022,140,The Karate Kid,1984-06-22,28.431,7.2,3284
40000000,38575,en,The Karate Kid,359126022,140,The Karate Kid,2010-06-10,131.831,6.5,4953
90000000,324857,en,Spider-Man: Into the Spider-Verse,375540831,117,Spider-Man: Into the Spider-Verse,2018-12-06,89.607,8.4,11310
0,831405,en,Injustice,0,78,Injustice,2021-10-09,105.332,7.7,558
18000000,641501,fr,Comment je suis devenu super-héros,0,101,How I Became a Superhero,2020-11-19,96.165,6.2,376
3400000,587272,es,Padre no hay más que uno,15894372,95,Father There Is Only One,2019-08-02,17.118,7.1,252
20000000,8363,en,Superbad,170812526,113,Superbad,2007-03-20,67.818,7.2,5761
0,618162,en,The Harder They Fall,0,139,The Harder They Fall,2021-10-22,159.513,6.7,685
48000000,260346,en,Taken 3,325771424,109,Taken 3,2014-12-16,110.84,6.2,4887
80000000,109418,en,Grown Ups 2,247022278,101,Grown Ups 2,2013-07-11,94.988,6.1,3447
19000000,4247,en,Scary Movie,278019771,88,Scary Movie,2000-07-07,101.294,6.3,5513
0,739993,en,Metal Lords,0,97,Metal Lords,2022-04-08,221.354,6.8,274
92000000,9806,en,The Incredibles,631442092,115,The Incredibles,2004-10-27,85.025,7.7,15188
2000000,270303,en,It Follows,14674076,101,It Follows,2014-09-24,180.883,6.6,5241
100000000,511809,en,West Side Story,74530532,157,West Side Story,1961-12-13,10.083,7.3,1481
100000000,511809,en,West Side Story,74530532,157,West Side Story,2021-12-08,119.978,7.2,901
0,630586,en,Wrong Turn,3777969,110,Wrong Turn,2003-05-30,60.789,6.3,2025
0,630586,en,Wrong Turn,3777969,110,Wrong Turn,2021-01-26,81.04,6.0,733
12600000,9902,en,Wrong Turn,28650575,84,Wrong Turn,2003-05-30,60.789,6.3,2025
12600000,9902,en,Wrong Turn,28650575,84,Wrong Turn,2021-01-26,81.04,6.0,733
160000000,27205,en,Inception,825532764,148,Inception,2010-07-15,104.752,8.4,31575
0,619297,en,Sweet Girl,0,110,Sweet Girl,2021-08-18,113.856,6.7,905
43000000,576845,en,Last Night in Soho,22957625,117,Last Night in Soho,2021-10-21,116.185,7.5,1645
200000000,68721,en,Iron Man 3,1214811252,130,Iron Man 3,2013-04-18,110.577,6.9,19454
0,811367,en,22 vs. Earth,0,9,22 vs. Earth,2021-04-30,87.735,7.1,285
0,665251,ja,オルタード・カーボン：リスリーブド,0,75,Altered Carbon: Resleeved,2020-03-19,163.414,6.5,209
0,728526,en,Encounter,0,108,Encounter,2021-12-03,171.088,6.5,304
25000000,10020,en,Beauty and the Beast,424967620,84,Beauty and the Beast,1991-10-22,93.443,7.7,8424
25000000,10020,en,Beauty and the Beast,424967620,84,Beauty and the Beast,1946-10-29,9.983,7.5,458
25000000,10020,en,Beauty and the Beast,424967620,84,Beauty and the Beast,2017-03-16,58.864,7.0,14125
25000000,10020,en,Beauty and the Beast,424967620,84,Beauty and the Beast,2014-02-12,17.818,6.1,1785
160000000,321612,en,Beauty and the Beast,1263521126,129,Beauty and the Beast,1991-10-22,93.443,7.7,8424
160000000,321612,en,Beauty and the Beast,1263521126,129,Beauty and the Beast,1946-10-29,9.983,7.5,458
160000000,321612,en,Beauty and the Beast,1263521126,129,Beauty and the Beast,2017-03-16,58.864,7.0,14125
160000000,321612,en,Beauty and the Beast,1263521126,129,Beauty and the Beast,2014-02-12,17.818,6.1,1785
40000000,232672,en,Blended,127994610,117,Blended,2014-05-21,118.228,6.8,2806
55000000,341174,en,Fifty Shades Darker,378827494,118,Fifty Shades Darker,2017-02-08,101.744,6.5,6706
175000000,14160,en,Up,735099082,96,Up,2009-05-28,81.413,7.9,17179
40000000,324552,en,John Wick: Chapter 2,171539887,122,John Wick: Chapter 2,2017-02-08,89.147,7.3,10191
62000000,336843,en,Maze Runner: The Death Cure,288175335,143,Maze Runner: The Death Cure,2018-01-10,87.938,7.1,6406
175000000,150540,en,Inside Out,857611174,95,Inside Out,2015-06-09,90.847,7.9,17843
129000000,166428,en,How to Train Your Dragon: The Hidden World,517526875,104,How to Train Your Dragon: The Hidden World,2019-01-03,72.505,7.8,5131
200000000,384018,en,Fast & Furious Presents: Hobbs & Shaw,760098996,137,Fast & Furious Presents: Hobbs & Shaw,2019-08-01,127.99,6.9,5753
20000000,15092,en,Crank: High Voltage,34560577,96,Crank: High Voltage,2009-04-16,105.91,6.0,2258
200000000,260513,en,Incredibles 2,1242805359,118,Incredibles 2,2018-06-14,82.914,7.5,10981
100000000,561,en,Constantine,230884728,121,Constantine,2005-02-08,60.967,7.0,5604
0,39324,ja,ドラゴンボールZ・絶望への反抗!!残された超戦士・悟飯とトランクス,0,48,Dragon Ball Z: The History of Trunks,1993-02-24,48.366,7.5,417
35000000,18785,en,The Hangover,469310836,100,The Hangover,2009-06-02,103.461,7.3,14476
250000000,49529,en,John Carter,284139100,132,John Carter,2012-03-07,84.215,6.2,4730
130000000,9502,en,Kung Fu Panda,631744560,90,Kung Fu Panda,2008-06-04,77.114,7.2,9346
139000000,557,en,Spider-Man,821708551,121,Spider-Man,2002-05-01,144.07,7.2,15695
150000000,76341,en,Mad Max: Fury Road,378858340,121,Mad Max: Fury Road,2015-05-13,78.283,7.6,19371
65000000,4564,en,Sex and the City,415252786,145,Sex and the City,2008-05-12,88.092,6.6,1798
0,630004,en,The Vault,0,118,The Vault,2021-03-04,103.871,7.0,612
40000000,18240,en,The Proposal,317375031,108,The Proposal,2009-06-01,90.17,7.1,5450
170000000,119450,en,Dawn of the Planet of the Apes,710644566,130,Dawn of the Planet of the Apes,2014-06-26,93.27,7.3,9493
40000000,619778,en,Malignant,24640084,111,Malignant,2021-09-01,112.398,6.9,1467
37000000,12153,en,White Chicks,113086475,109,White Chicks,2004-06-23,65.837,6.9,2940
0,591274,en,Fear Street: 1978,0,110,Fear Street: 1978,2021-07-08,92.766,7.3,1252
0,729720,fr,Le Dernier Mercenaire,0,110,The Last Mercenary,2021-07-30,130.23,6.7,484
93000000,120,en,The Lord of the Rings: The Fellowship of the Ring,871368364,179,The Lord of the Rings: The Fellowship of the Ring,2001-12-18,98.114,8.4,20957
0,449406,en,Vivo,0,99,Vivo,2021-07-30,91.394,7.6,530
135000000,44896,en,Rango,245724603,107,Rango,2011-03-02,57.253,6.8,5300
150000000,447404,en,Pokémon Detective Pikachu,433005346,105,Pokémon Detective Pikachu,2019-05-03,143.27,7.0,5626
30000000,574060,en,Gunpowder Milkshake,344931,114,Gunpowder Milkshake,2021-07-14,136.558,6.4,601
61000000,294254,en,Maze Runner: The Scorch Trials,312296056,131,Maze Runner: The Scorch Trials,2015-09-09,99.967,6.7,8871
0,118406,ja,Road to Ninja: Naruto the Movie,17322136,109,Road to Ninja: Naruto the Movie,2012-07-28,98.426,7.6,675
132000000,270946,en,Penguins of Madagascar,373552094,92,Penguins of Madagascar,2014-11-22,68.322,6.5,3449
27000000,51876,en,Limitless,161849455,105,Limitless,2011-03-08,54.732,7.2,9013
0,831827,en,Far From the Tree,0,7,Far From the Tree,2021-11-24,173.532,8.1,266
217000000,335988,en,Transformers: The Last Knight,605425157,155,Transformers: The Last Knight,2017-06-16,82.139,6.1,4993
100000000,11322,en,Public Enemies,214104620,140,Public Enemies,2009-07-01,96.63,6.7,3680
150000000,8960,en,Hancock,629443428,92,Hancock,2008-07-01,140.341,6.3,8124
50000000,18239,en,The Twilight Saga: New Moon,709827462,131,The Twilight Saga: New Moon,2009-11-18,67.489,6.0,7878
0,197158,pt,Pornô!,0,83,Porno,2019-06-28,41.914,6.4,226
48000000,491418,en,Instant Family,14700000,118,Instant Family,2018-11-13,29.281,7.6,2299
66000000,136797,en,Need for Speed,203277636,132,Need for Speed,2014-03-12,67.599,6.3,3599
250000000,49051,en,The Hobbit: An Unexpected Journey,1021103568,169,The Hobbit: An Unexpected Journey,2012-11-26,89.499,7.3,15954
200000000,283995,en,Guardians of the Galaxy Vol. 2,863756051,137,Guardians of the Galaxy Vol. 2,2017-04-19,95.631,7.6,18312
0,572154,ja,青春ブタ野郎はゆめみる少女の夢を見ない,0,90,Rascal Does Not Dream of a Dreaming Girl,2019-06-15,127.066,8.4,374
127500000,10567,en,Dinosaur,354248063,82,Dinosaur,2000-05-19,80.895,6.5,2020
140000000,1771,en,Captain America: The First Avenger,370569774,124,Captain America: The First Avenger,2011-07-22,92.864,7.0,18593
0,617708,es,La Llorona,0,97,La Llorona,2020-01-22,70.597,6.5,248
85000000,47971,en,xXx: Return of Xander Cage,346147658,107,xXx: Return of Xander Cage,2017-01-13,55.484,5.9,5765
130000000,70981,en,Prometheus,403354469,124,Prometheus,2012-05-30,68.829,6.5,10233
8500000,396535,ko,부산행,87547518,118,Train to Busan,2016-07-20,94.348,7.8,5671
80000000,324852,en,Despicable Me 3,1031552585,96,Despicable Me 3,2017-06-15,65.532,6.4,5979
160000000,810,en,Shrek the Third,813367380,93,Shrek the Third,2007-05-17,85.896,6.3,7397
225000000,49521,en,Man of Steel,754045518,143,Man of Steel,2013-06-12,81.012,6.6,13133
80000000,50546,en,Just Go with It,214945591,117,Just Go with It,2011-02-10,68.085,6.6,4695
245000000,140607,en,Star Wars: The Force Awakens,2068223624,136,Star Wars: The Force Awakens,2015-12-15,61.791,7.3,17001
0,595743,en,SAS: Red Notice,0,120,SAS: Red Notice,2021-08-11,96.892,5.9,364
50000000,72105,en,Ted,549368315,107,Ted,2012-06-29,127.206,6.4,10605
0,567189,en,Tom Clancy's Without Remorse,0,109,Tom Clancy's Without Remorse,2021-04-29,99.14,7.1,1920
75000000,335797,en,Sing,634151679,108,Sing,2016-11-23,94.024,7.1,6774
74000000,211672,en,Minions,1156730962,91,Minions,2015-06-17,44.194,6.4,9246
90000000,38700,en,Bad Boys for Life,426505244,124,Bad Boys for Life,2020-01-15,72.31,7.2,7010
11000000,11,en,Star Wars,775398007,121,Star Wars,1977-05-25,69.069,8.2,17248
0,597316,en,My Little Pony: A New Generation,0,91,My Little Pony: A New Generation,2021-09-23,117.063,7.9,207
0,9732,en,The Lion King II: Simba's Pride,0,81,The Lion King II: Simba's Pride,1998-10-24,76.367,7.0,3763
152000000,299537,en,Captain Marvel,1128276090,124,Captain Marvel,2019-03-06,96.31,6.9,13074
0,374205,ja,ワンピース　フィルム GOLD,66207073,120,One Piece Film: GOLD,2016-07-23,64.55,7.2,338
85000000,11970,en,Hercules,252712101,93,Hercules,1997-06-20,75.546,7.5,6157
85000000,11970,en,Hercules,252712101,93,Hercules,2014-07-23,56.071,5.7,3522
2600000,10895,en,Pinocchio,84300000,88,Pinocchio,1940-02-23,82.458,7.1,4858
2600000,10895,en,Pinocchio,84300000,88,Pinocchio,2019-12-19,28.108,6.6,1259
2600000,10895,en,Pinocchio,84300000,88,Pinocchio,2002-10-11,7.459,5.9,673
150000000,345940,en,The Meg,530243742,113,The Meg,2018-08-09,72.724,6.2,5855
80000000,287947,en,Shazam!,366080049,132,Shazam!,2019-03-29,63.204,7.1,7606
30000000,307081,en,Southpaw,91709827,123,Southpaw,2015-03-24,71.556,7.4,4728
41677699,12429,ja,崖の上のポニョ,202404009,100,Ponyo,2008-07-19,80.608,7.7,3230
128000000,10009,en,Brother Bear,250397798,85,Brother Bear,2003-10-23,73.333,7.2,4526
75000000,495764,en,Birds of Prey (and the Fantabulous Emancipation of One Harley Quinn),201858461,109,Birds of Prey (and the Fantabulous Emancipation of One Harley Quinn),2020-02-05,85.268,7.0,8763
125000000,412656,en,Chaos Walking,26943020,109,Chaos Walking,2021-02-24,72.179,6.7,1751
0,50723,ja,劇場版 NARUTO -ナルト- 疾風伝 ザ・ロストタワー,0,85,Naruto Shippuden the Movie: The Lost Tower,2010-07-31,75.937,7.0,309
24000000,10358,en,Zack and Miri Make a Porno,42105111,102,Zack and Miri Make a Porno,2008-09-18,72.27,6.3,1883
0,297270,en,Tinker Bell and the Legend of the NeverBeast,0,77,Tinker Bell and the Legend of the NeverBeast,2014-12-12,49.149,7.1,773
75000000,646380,en,Don't Look Up,784681,138,Don't Look Up,2021-12-07,90.834,7.2,5463
7000000,527641,en,Five Feet Apart,91500000,116,Five Feet Apart,2019-03-14,101.968,8.3,4754
190000000,168259,en,Furious 7,1515047671,137,Furious 7,2015-04-01,139.706,7.2,9103
40000000,49530,en,In Time,173930596,109,In Time,2011-10-27,80.135,6.9,9580
130000000,417859,en,Puss in Boots,554987477,90,Puss in Boots,2011-10-28,35.695,6.4,2587
130000000,37135,en,Tarzan,448191819,88,Tarzan,1999-06-18,79.572,7.4,5607
185000000,62177,en,Brave,538983207,93,Brave,2012-06-21,72.771,7.0,11533
20000000,597890,en,Voyagers,4284903,108,Voyagers,2021-04-08,72.457,6.1,514
0,375794,es,No Manches Frida,12421716,100,No Manches Frida,2016-09-02,86.656,7.8,642
0,433422,ja,劇場版 FAIRY TAIL 『DRAGON CRY』,0,85,Fairy Tail: Dragon Cry,2017-05-06,69.395,6.5,354
12000000,227719,en,Project Almanac,33213241,106,Project Almanac,2015-01-28,34.939,6.6,2120
80000000,9023,en,Spirit: Stallion of the Cimarron,122563539,83,Spirit: Stallion of the Cimarron,2002-05-24,85.079,7.7,3833
125000000,512200,en,Jumanji: The Next Level,800059707,123,Jumanji: The Next Level,2019-12-04,86.389,7.0,6943
300000000,141052,en,Justice League,657926987,120,Justice League,2017-11-15,74.877,6.1,11350
75000000,644495,en,House of Gucci,151758425,158,House of Gucci,2021-11-24,88.37,6.7,1656
37000000,23168,en,The Town,154026136,125,The Town,2010-09-15,74.47,7.2,4056
30000000,11836,en,The SpongeBob SquarePants Movie,140161792,87,The SpongeBob SquarePants Movie,2004-11-14,71.999,7.0,2293
80000000,38365,en,Grown Ups,271430189,102,Grown Ups,2010-06-24,97.125,6.3,4935
0,727745,en,The Kissing Booth 3,0,112,The Kissing Booth 3,2021-08-11,99.362,7.1,1418
258000000,559,en,Spider-Man 3,890871626,139,Spider-Man 3,2007-05-01,106.68,6.4,11622
4000000,215,en,Saw II,147748505,89,Saw II,2005-10-28,39.993,6.6,4203
0,530079,ja,きみと、波にのれたら,0,94,Ride Your Wave,2019-06-21,106.336,7.5,205
0,617502,en,Jolt,238524,91,Jolt,2021-07-15,94.307,6.7,927
90000000,8355,en,Ice Age: Dawn of the Dinosaurs,886686817,94,Ice Age: Dawn of the Dinosaurs,2009-06-26,84.935,6.7,6927
90000000,46195,en,Rio,484635760,96,Rio,2011-04-03,76.331,6.7,5542
130000000,13183,en,Watchmen,185258983,163,Watchmen,2009-03-04,43.997,7.3,7628
14479740,637534,fr,BAC Nord,0,105,The Stronghold,2021-08-18,97.507,7.5,799
94000000,122,en,The Lord of the Rings: The Return of the King,1118888979,201,The Lord of the Rings: The Return of the King,2003-12-01,88.085,8.5,19547
30000000,521029,en,Annabelle Comes Home,231252591,106,Annabelle Comes Home,2019-06-26,70.226,6.4,2739
0,845222,ko,킹덤: 아신전,0,92,Kingdom: Ashin of the North,2021-07-23,106.586,7.5,372
67000000,340102,en,The New Mutants,49169594,94,The New Mutants,2020-08-26,78.631,6.2,2678
30000000,43347,en,Love & Other Drugs,102820008,112,Love & Other Drugs,2010-11-22,74.677,7.0,4208
60000000,123553,en,The Mortal Instruments: City of Bones,95396573,130,The Mortal Instruments: City of Bones,2013-08-21,68.897,6.4,4003
145000000,82702,en,How to Train Your Dragon 2,621537500,102,How to Train Your Dragon 2,2014-06-05,68.341,7.7,8115
250000000,49026,en,The Dark Knight Rises,1081041287,165,The Dark Knight Rises,2012-07-16,83.723,7.8,19505
79000000,121,en,The Lord of the Rings: The Two Towers,926287400,179,The Lord of the Rings: The Two Towers,2002-12-18,103.527,8.4,18142
0,836009,en,Against the Ice,0,101,Against the Ice,2022-02-10,107.618,6.9,287
4000000,13186,en,Wrong Turn 2: Dead End,0,96,Wrong Turn 2: Dead End,2007-08-25,70.142,6.0,1022
55000000,156022,en,The Equalizer,192330738,132,The Equalizer,2014-09-24,67.572,7.2,7247
6500000,754067,fr,Mystère,4181043,84,Vicky and Her Mystery,2021-12-15,86.863,7.2,374
155000000,87101,en,Terminator Genisys,440603537,126,Terminator Genisys,2015-06-23,73.891,5.9,7198
120000000,9487,en,A Bug's Life,363258859,95,A Bug's Life,1998-11-25,76.992,7.0,7673
0,785538,pt,7 Prisioneiros,0,93,7 Prisoners,2021-10-22,119.866,7.1,251
19000000,129,ja,千と千尋の神隠し,274925095,125,Spirited Away,2001-07-20,69.9,8.5,12848
49000000,198184,en,Chappie,104399548,120,Chappie,2015-03-04,72.622,6.8,6842
105000000,10198,en,The Princess and the Frog,270997378,98,The Princess and the Frog,2009-12-08,98.878,7.1,4436
0,677638,en,We Bare Bears: The Movie,0,69,We Bare Bears: The Movie,2020-06-30,61.947,7.9,717
45000000,82675,en,Taken 2,376141306,91,Taken 2,2012-09-27,85.773,6.3,5667
4000000,398818,en,Call Me by Your Name,41063475,132,Call Me by Your Name,2017-09-01,79.348,8.2,10224
0,295830,ja,進撃の巨人 ATTACK ON TITAN,0,98,Attack on Titan,2015-08-01,51.728,5.9,562
0,581644,en,The Misfits,0,94,The Misfits,1961-02-01,6.954,7.0,268
0,52629,es,El Infierno,0,145,El Infierno,2010-09-03,56.627,7.7,430
58800000,190859,en,American Sniper,542307423,133,American Sniper,2014-12-25,94.571,7.4,11111
45000000,4248,en,Scary Movie 2,141220678,83,Scary Movie 2,2001-07-04,82.533,5.8,3722
250000000,127585,en,X-Men: Days of Future Past,747862775,132,X-Men: Days of Future Past,2014-05-15,80.382,7.5,13379
0,120475,ja,ドラゴンボール エピソード オブ バーダック,0,20,Dragon Ball: Episode of Bardock,2011-12-17,42.112,6.9,323
20000000,345938,en,The Shack,92924405,132,The Shack,2017-03-03,89.791,7.4,1677
0,723072,en,Host,26745,57,Host,2020-12-04,73.672,6.6,528
150000000,49444,en,Kung Fu Panda 2,665692281,91,Kung Fu Panda 2,2011-05-25,54.36,6.9,5595
37000000,312221,en,Creed,173567581,133,Creed,2015-11-25,123.521,7.4,5959
75000000,953,en,Madagascar,542063846,86,Madagascar,2005-05-25,76.928,6.9,9127
160000000,297802,en,Aquaman,1148528393,143,Aquaman,2018-07-06,117.651,6.9,11747
178000000,246655,en,X-Men: Apocalypse,543934787,144,X-Men: Apocalypse,2016-05-18,87.972,6.5,11298
0,740925,en,No One Gets Out Alive,0,85,No One Gets Out Alive,2021-09-29,96.164,6.0,379
100000000,11688,en,The Emperor's New Groove,169327687,78,The Emperor's New Groove,2000-12-15,71.034,7.5,5473
165000000,10191,en,How to Train Your Dragon,494878759,98,How to Train Your Dragon,2010-03-18,71.249,7.8,10922
50000000,7555,en,Rambo,113244290,92,Rambo,2008-01-24,61.714,6.6,3051
120000000,920,en,Cars,461983149,117,Cars,2006-06-08,77.308,6.9,11621
0,790142,en,The Royal Treatment,0,96,The Royal Treatment,2022-01-20,115.732,6.7,551
30000000,449443,en,Den of Thieves,80509622,140,Den of Thieves,2018-01-18,43.752,6.7,2325
4000000,9325,en,The Jungle Book,205843612,78,The Jungle Book,1967-10-18,69.638,7.3,5281
4000000,9325,en,The Jungle Book,205843612,78,The Jungle Book,2016-04-07,45.503,6.9,7107
4000000,9325,en,The Jungle Book,205843612,78,The Jungle Book,1994-12-23,11.392,5.9,377
80000000,11544,en,Lilo & Stitch,273144151,85,Lilo & Stitch,2002-06-21,84.101,7.5,5001
100000000,9836,en,Happy Feet,384335608,108,Happy Feet,2006-11-16,100.186,6.1,4242
80000000,27578,en,The Expendables,274470394,103,The Expendables,2010-08-03,72.011,6.2,6512
125000000,18823,en,Clash of the Titans,493214993,106,Clash of the Titans,1981-06-12,11.325,6.9,566
125000000,18823,en,Clash of the Titans,493214993,106,Clash of the Titans,2010-03-31,82.662,5.9,5328
0,603661,en,The Hating Game,0,102,The Hating Game,2021-12-09,23.32,7.5,438
150000000,6479,en,I Am Legend,585410052,101,I Am Legend,2007-12-12,99.116,7.2,13293
50000000,480530,en,Creed II,214215889,130,Creed II,2018-11-21,89.881,7.0,4198
28000000,812,en,Aladdin,504050219,90,Aladdin,1992-11-25,74.825,7.6,9656
28000000,812,en,Aladdin,504050219,90,Aladdin,2019-05-22,71.204,7.1,8584
183000000,420817,en,Aladdin,1047612394,128,Aladdin,1992-11-25,74.825,7.6,9656
183000000,420817,en,Aladdin,1047612394,128,Aladdin,2019-05-22,71.204,7.1,8584
0,607259,en,Fatherhood,0,109,Fatherhood,2021-06-18,68.655,7.6,1021
200000000,181808,en,Star Wars: The Last Jedi,1332698830,152,Star Wars: The Last Jedi,2017-12-13,61.409,6.9,13027
135000000,49519,en,The Croods,587204668,98,The Croods,2013-03-15,67.084,6.9,5991
81000000,207703,en,Kingsman: The Secret Service,414351546,129,Kingsman: The Secret Service,2015-01-24,71.45,7.6,14377
250000000,181812,en,Star Wars: The Rise of Skywalker,1074144248,142,Star Wars: The Rise of Skywalker,2019-12-18,69.663,6.4,7800
15000000,106,en,Predator,98267558,107,Predator,1987-06-12,54.324,7.5,6157
11000000,9552,en,The Exorcist,441306145,122,The Exorcist,1973-12-26,77.591,7.7,6291
97000000,263115,en,Logan,619021436,137,Logan,2017-02-28,70.392,7.8,16817
200000000,62211,en,Monsters University,743559607,104,Monsters University,2013-06-19,68.967,7.0,9055
10000000,214,en,Saw III,164874275,114,Saw III,2006-10-27,38.974,6.4,3529
175000000,14869,en,G.I. Joe: The Rise of Cobra,302469017,118,G.I. Joe: The Rise of Cobra,2009-08-03,85.11,5.8,3929
80000000,45243,en,The Hangover Part II,586764305,102,The Hangover Part II,2011-05-25,80.18,6.4,8919
3000000,12092,en,Alice in Wonderland,572000000,75,Alice in Wonderland,1951-07-28,74.651,7.2,4953
3000000,12092,en,Alice in Wonderland,572000000,75,Alice in Wonderland,2010-03-03,74.479,6.6,12156
3000000,12092,en,Alice in Wonderland,572000000,75,Alice in Wonderland,1999-02-28,9.349,6.4,295
200000000,12155,en,Alice in Wonderland,1025467110,108,Alice in Wonderland,1951-07-28,74.651,7.2,4953
200000000,12155,en,Alice in Wonderland,1025467110,108,Alice in Wonderland,2010-03-03,74.479,6.6,12156
200000000,12155,en,Alice in Wonderland,1025467110,108,Alice in Wonderland,1999-02-28,9.349,6.4,295
0,739990,en,Nightbooks,0,103,Nightbooks,2021-09-15,79.809,6.4,247
0,817648,en,Home Team,0,95,Home Team,2022-01-28,75.398,6.8,500
36000000,10830,en,Matilda,33459416,98,Matilda,1996-08-02,37.538,7.1,3522
0,645788,en,The Protégé,8639684,109,The Protégé,2021-08-19,108.719,6.6,624
50000000,614917,en,King Richard,30000000,145,King Richard,2021-11-18,81.169,7.9,1325
145000000,140300,en,Kung Fu Panda 3,521170825,95,Kung Fu Panda 3,2016-01-23,54.467,6.9,4686
23600000,19908,en,Zombieland,102391540,88,Zombieland,2009-10-07,59.97,7.3,10411
200000000,284054,en,Black Panther,1347597973,134,Black Panther,2018-02-13,96.05,7.4,19072
250000000,57158,en,The Hobbit: The Desolation of Smaug,958400000,161,The Hobbit: The Desolation of Smaug,2013-12-11,78.058,7.6,11029
165000000,10192,en,Shrek Forever After,752600867,93,Shrek Forever After,2010-05-16,75.409,6.3,5967
250000000,209112,en,Batman v Superman: Dawn of Justice,873637528,152,Batman v Superman: Dawn of Justice,2016-03-23,81.445,5.9,15825
0,615658,en,Awake,0,96,Awake,2007-11-28,12.47,6.4,1093
0,615658,en,Awake,0,96,Awake,2021-06-09,92.065,6.0,827
0,763152,es,Donde caben dos,0,112,More the Merrier,2021-07-30,72.446,6.7,332
0,663558,zh,新神榜：哪吒重生,0,116,New Gods: Nezha Reborn,2021-02-06,58.584,8.2,276
17000000,193893,en,Let's Be Cops,136621271,104,Let's Be Cops,2014-08-13,50.972,6.4,2347
0,25475,en,Tinker Bell and the Lost Treasure,0,81,Tinker Bell and the Lost Treasure,2009-09-03,43.021,6.7,785
53000000,22803,en,Law Abiding Citizen,126690726,109,Law Abiding Citizen,2009-10-15,74.603,7.3,4010
0,730840,en,Trollhunters: Rise of the Titans,0,106,Trollhunters: Rise of the Titans,2021-07-21,70.52,7.8,241
24000000,9479,en,The Nightmare Before Christmas,75634409,76,The Nightmare Before Christmas,1993-10-09,54.224,7.8,7496
20000000,16996,en,17 Again,136267476,102,17 Again,2009-03-11,64.932,6.3,4350
40000000,1579,en,Apocalypto,120654337,139,Apocalypto,2006-12-07,82.92,7.5,4391
95000000,57800,en,Ice Age: Continental Drift,877244782,88,Ice Age: Continental Drift,2012-06-27,76.11,6.3,6433
1488423,408,en,Snow White and the Seven Dwarfs,184925486,83,Snow White and the Seven Dwarfs,1937-12-21,62.819,7.1,6183
149000000,297762,en,Wonder Woman,821847012,141,Wonder Woman,2009-03-03,18.403,7.3,447
149000000,297762,en,Wonder Woman,821847012,141,Wonder Woman,2017-05-30,105.954,7.2,17664
50000000,71552,en,American Reunion,234989584,113,American Reunion,2012-04-04,52.227,6.3,3802
17000000,447332,en,A Quiet Place,340677200,91,A Quiet Place,2018-04-03,64.879,7.4,11626
858000,3170,en,Bambi,267447150,70,Bambi,1942-08-14,74.494,7.0,4718
24000000,4935,ja,ハウルの動く城,236049757,119,Howl's Moving Castle,2004-11-19,69.161,8.4,7309
48000000,13179,en,Tinker Bell,0,78,Tinker Bell,2008-09-11,38.058,6.8,1111
0,109689,es,Tengo ganas de ti,0,130,I Want You,2012-06-22,55.059,7.3,1518
205000000,577922,en,Tenet,363129000,150,Tenet,2020-08-22,74.422,7.2,7148
175000000,105864,en,The Good Dinosaur,332207671,93,The Good Dinosaur,2015-11-14,67.387,6.7,4628
25000000,59440,en,Warrior,23308615,140,Warrior,2011-09-09,62.232,7.8,3689
13000000,324560,en,Brimstone,0,148,Brimstone,2016-03-12,13.302,7.1,866
0,801335,en,Girl in the Basement,0,90,Girl in the Basement,2021-02-27,77.58,8.0,373
22000000,6069,en,The Witches of Eastwick,63766510,118,The Witches of Eastwick,1987-06-12,13.81,6.5,1088
62000000,345887,en,The Equalizer 2,190400157,121,The Equalizer 2,2018-07-19,45.994,6.6,3993
70000000,87428,en,That's My Boy,58058367,116,That's My Boy,2012-06-14,48.739,5.7,1463
50000000,522938,en,Rambo: Last Blood,91490353,89,Rambo: Last Blood,2019-09-19,64.844,6.5,3035
200000000,534,en,Terminator Salvation,371353001,117,Terminator Salvation,2009-05-20,71.736,6.0,5408
160000000,124905,en,Godzilla,529076069,123,Godzilla,1954-11-03,12.846,7.6,659
160000000,124905,en,Godzilla,529076069,123,Godzilla,2014-05-14,63.227,6.3,7591
4000000,184345,en,A Haunted House 2,25343661,87,A Haunted House 2,2014-04-17,79.144,6.1,1083
0,446893,en,Trolls World Tour,47000000,90,Trolls World Tour,2020-03-11,60.632,7.4,1749
2500000,139038,en,A Haunted House,60141683,86,A Haunted House,2013-01-11,67.485,5.8,1430
10000000,316727,en,The Purge: Election Year,118587880,105,The Purge: Election Year,2016-06-29,66.911,6.4,4487
54000000,11674,en,101 Dalmatians,320689294,103,101 Dalmatians,1996-11-27,63.695,5.9,2828
35000000,346364,en,It,701842551,135,It,2017-09-06,65.84,7.2,16451
0,615677,en,We Can Be Heroes,0,97,We Can Be Heroes,2020-12-25,67.871,6.2,599
80000000,11324,en,Shutter Island,294800000,138,Shutter Island,2010-02-14,46.804,8.2,19878
17000000,10625,en,Mean Girls,129042871,97,Mean Girls,2004-04-30,52.736,7.2,7180
0,463858,fr,Première année,0,92,The Freshmen,2018-09-12,8.488,6.7,605
170000000,399579,en,Alita: Battle Angel,404852543,122,Alita: Battle Angel,2019-01-31,63.499,7.2,7482
50000000,228326,en,The Book of Life,97437106,95,The Book of Life,2014-10-01,73.162,7.5,2180
40000000,24418,en,Cirque du Freak: The Vampire's Assistant,28169671,109,Cirque du Freak: The Vampire's Assistant,2009-10-23,77.874,5.7,892
23000000,287590,ja,聖闘士星矢 LEGEND of SANCTUARY,17150803,93,Saint Seiya: Legend of Sanctuary,2014-06-21,76.312,6.5,535
65000000,454640,en,The Angry Birds Movie 2,147792047,97,The Angry Birds Movie 2,2019-08-02,48.708,7.2,1292
70000000,52520,en,Underworld: Awakening,160112671,88,Underworld: Awakening,2012-01-19,62.437,6.3,3492
80000000,400155,en,Hotel Transylvania 3: Summer Vacation,528600000,97,Hotel Transylvania 3: Summer Vacation,2018-06-28,65.313,6.9,3636
1500000,49018,en,Insidious,97009150,103,Insidious,2010-09-13,60.239,6.9,5494
4000000,12230,en,One Hundred and One Dalmatians,85000000,79,One Hundred and One Dalmatians,1961-01-25,60.927,7.2,5267
0,553604,en,Honest Thief,31220247,99,Honest Thief,2020-09-03,65.534,6.5,1284
180000000,10681,en,WALL·E,521311860,98,WALL·E,2008-06-22,64.743,8.1,15712
0,775996,en,Outside the Wire,0,116,Outside the Wire,2021-01-15,72.657,6.4,1459
50000000,60304,en,Hansel & Gretel: Witch Hunters,226349749,88,Hansel & Gretel: Witch Hunters,2013-01-17,57.032,6.0,5895
35000000,9702,en,Bound by Honor,0,190,Bound by Honor,1993-02-05,106.013,8.1,903
30000000,615,en,The Passion of the Christ,611899420,127,The Passion of the Christ,2004-02-25,69.311,7.4,3459
13000000,77338,fr,Intouchables,426588510,113,The Intouchables,2011-11-02,67.793,8.3,14642
40000000,346648,en,Paddington 2,227300000,104,Paddington 2,2017-11-09,21.117,7.5,1716
0,431819,ja,打ち上げ花火、下から見るか？横から見るか？,26617621,90,Fireworks,1997-11-05,8.628,7.7,466
0,431819,ja,打ち上げ花火、下から見るか？横から見るか？,26617621,90,Fireworks,2017-08-18,68.094,6.5,253
6000000,301351,en,We Are Your Friends,11122090,96,We Are Your Friends,2015-08-26,26.255,6.7,2018
80000000,950,en,Ice Age: The Meltdown,660998756,91,Ice Age: The Meltdown,2006-03-29,74.896,6.7,8310
0,454983,en,The Kissing Booth,0,105,The Kissing Booth,2018-05-11,88.396,7.3,6497
25000000,8681,en,Taken,226830568,94,Taken,2008-02-18,80.373,7.4,9496
0,504253,ja,君の膵臓をたべたい,33748006,108,I Want to Eat Your Pancreas,2018-09-01,61.311,8.3,1008
97000000,126889,en,Alien: Covenant,240891763,122,Alien: Covenant,2017-05-09,62.894,6.0,7096
0,524369,en,The Many Saints of Newark,11620603,120,The Many Saints of Newark,2021-09-22,74.946,6.6,396
0,486589,en,Red Shoes and the Seven Dwarfs,10054356,92,Red Shoes and the Seven Dwarfs,2019-07-25,66.837,7.8,855
42000000,338967,en,Zombieland: Double Tap,122801777,99,Zombieland: Double Tap,2019-10-09,54.746,7.0,4502
20000000,245891,en,John Wick,88761661,101,John Wick,2014-10-22,65.076,7.4,15694
30000000,273481,en,Sicario,84872444,122,Sicario,2015-09-17,46.873,7.4,6931
103000000,109439,en,The Hangover Part III,362000072,100,The Hangover Part III,2013-05-23,75.432,6.2,7382
120000000,274855,en,Geostorm,221600160,109,Geostorm,2017-10-13,42.963,6.1,3943
10000000,8922,en,Jeepers Creepers,59217789,90,Jeepers Creepers,2001-07-01,54.119,6.4,2274
50100000,256591,en,Focus,153962963,105,Focus,2015-02-25,35.75,6.9,6721
7000000,400928,en,Gifted,40343446,101,Gifted,2017-04-12,34.379,8.0,4376
15000000,585216,en,Escape Room: Tournament of Champions,44888959,88,Escape Room: Tournament of Champions,2021-07-01,74.438,6.7,1187
0,11430,en,The Lion King 1½,0,77,The Lion King 1½,2004-02-06,59.264,6.6,2528
4000000,10693,en,Peter Pan,87404651,77,Peter Pan,1953-02-05,54.438,7.2,4503
4000000,10693,en,Peter Pan,87404651,77,Peter Pan,2003-12-18,20.54,7.2,2232
200000000,9543,en,Prince of Persia: The Sands of Time,336365676,116,Prince of Persia: The Sands of Time,2010-05-19,73.026,6.2,5837
0,347626,en,He's All That,0,91,He's All That,2021-08-27,95.882,6.8,942
70000000,16869,en,Inglourious Basterds,321457747,153,Inglourious Basterds,2009-08-19,72.048,8.2,18702
9000000,381288,en,Split,278454358,117,Split,2016-11-15,60.574,7.3,14978
0,277217,en,Descendants,0,112,Descendants,2015-07-31,51.662,7.1,1947
60000000,75780,en,Jack Reacher,218340595,130,Jack Reacher,2012-12-20,87.094,6.6,5811
145000000,80321,en,Madagascar 3: Europe's Most Wanted,746921274,93,Madagascar 3: Europe's Most Wanted,2012-06-06,57.917,6.6,5116
6000000,238,en,The Godfather,245066411,175,The Godfather,1972-03-14,57.656,8.7,15990
0,360784,en,Hidden,0,83,Hidden,2015-09-15,10.452,6.6,550
35000000,265712,ja,Stand by Me Doraemon,83061158,90,Stand by Me Doraemon,2014-08-08,67.689,7.3,357
175000000,297761,en,Suicide Squad,746846894,123,Suicide Squad,2016-08-03,65.316,5.9,18791
0,591275,en,Fear Street: 1666,0,114,Fear Street: 1666,2021-07-14,57.555,7.3,1124
0,476292,ja,さよならの朝に約束の花をかざろう,4300000,115,Maquia: When the Promised Flower Blooms,2018-02-24,77.2,8.3,454
120000000,427641,en,Rampage,426245950,107,Rampage,2018-04-11,63.337,6.4,5869
120000000,427641,en,Rampage,426245950,107,Rampage,2009-08-14,12.662,6.0,331
812000,11360,en,Dumbo,1600000,64,Dumbo,1941-10-31,72.326,7.0,4137
812000,11360,en,Dumbo,1600000,64,Dumbo,2019-03-27,30.349,6.7,3757
123000000,8871,en,How the Grinch Stole Christmas,345141403,104,How the Grinch Stole Christmas,2000-11-17,54.561,6.7,5939
17700000,581387,ko,백두산,61321941,128,Ashfall,2019-12-19,65.826,6.6,371
185000000,155,en,The Dark Knight,1004558444,152,The Dark Knight,2008-07-14,71.319,8.5,27577
225000000,41154,en,Men in Black 3,624026776,106,Men in Black 3,2012-05-23,65.652,6.5,8882
74000000,228165,en,The SpongeBob Movie: Sponge Out of Water,311594032,93,The SpongeBob Movie: Sponge Out of Water,2015-01-28,42.006,6.1,1963
11936735,573699,zh,白蛇：缘起,61631776,99,White Snake,2019-01-11,45.859,7.8,303
15000000,396422,en,Annabelle: Creation,306515884,110,Annabelle: Creation,2017-08-03,64.547,6.6,4724
0,13002,en,Barbie in the 12 Dancing Princesses,0,83,Barbie in The 12 Dancing Princesses,2006-09-19,65.742,7.7,862
50000000,456740,en,Hellboy,44664690,121,Hellboy,2004-04-02,24.778,6.7,5809
25000000,41630,en,No Strings Attached,149228077,107,No Strings Attached,2011-01-21,58.069,6.3,4014
0,597433,en,Beckett,0,109,Beckett,2021-08-04,85.373,6.3,505
0,413594,ja,劇場版 ソードアート・オンライン -オーディナル・スケール-,20725409,119,Sword Art Online: The Movie – Ordinal Scale,2017-02-18,60.838,7.7,522
140000000,147441,en,Exodus: Gods and Kings,268031828,150,Exodus: Gods and Kings,2014-12-03,61.028,5.8,3927
0,667520,ja,泣きたい私は猫をかぶる,0,104,A Whisker Away,2020-06-18,57.388,8.0,991
15000000,76726,en,Chronicle,145000000,84,Chronicle,2012-02-01,95.912,6.8,4373
0,370663,en,Below Her Mouth,33673,92,Below Her Mouth,2017-02-10,36.614,6.8,959
15000000,506574,en,Descendants 3,0,106,Descendants 3,2019-08-02,59.46,7.8,1225
20000000,526050,en,Little,17399000,108,Little,2019-04-04,20.944,6.9,556
0,578908,en,Bad Trip,0,87,Bad Trip,2020-09-26,58.12,6.1,369
0,522241,en,The Courier,26000000,112,The Courier,2021-03-18,79.364,7.1,716
0,522241,en,The Courier,26000000,112,The Courier,2019-11-22,26.225,6.1,427
160000000,131634,en,The Hunger Games: Mockingjay - Part 2,653428261,137,The Hunger Games: Mockingjay - Part 2,2015-11-18,70.374,6.9,10572
130000000,102899,en,Ant-Man,519311965,117,Ant-Man,2015-07-14,66.52,7.1,17080
25000000,278,en,The Shawshank Redemption,28341469,142,The Shawshank Redemption,1994-09-23,62.636,8.7,21456
225000000,2454,en,The Chronicles of Narnia: Prince Caspian,419665568,150,The Chronicles of Narnia: Prince Caspian,2008-05-15,54.425,6.6,5319
69000000,339846,en,Baywatch,177856751,116,Baywatch,2017-05-12,58.312,6.1,6983
35000000,169,en,Predator 2,57120318,108,Predator 2,1990-11-20,38.205,6.2,2346
21800000,43549,en,The Experiment,0,96,The Experiment,2001-03-07,8.534,7.4,868
21800000,43549,en,The Experiment,0,96,The Experiment,2010-07-15,54.543,6.4,1002
48000000,4256,en,Scary Movie 3,220673217,84,Scary Movie 3,2003-10-24,57.225,6.0,3295
60000000,343611,en,Jack Reacher: Never Go Back,162146076,118,Jack Reacher: Never Go Back,2016-10-19,85.492,5.9,4009
0,621870,en,Secret Society of Second Born Royals,0,97,Secret Society of Second Born Royals,2020-09-25,48.476,6.8,432
85000000,157350,en,Divergent,288747895,139,Divergent,2014-03-14,50.515,6.9,11250
110000000,262500,en,Insurgent,295238201,119,Insurgent,2015-03-18,57.975,6.4,8885
0,509635,en,Alone,0,98,Alone,2020-09-10,59.404,6.2,427
70000000,10386,en,The Iron Giant,23159305,86,The Iron Giant,1999-08-06,67.934,7.9,4517
5000000,14128,en,Cinderella II: Dreams Come True,0,74,Cinderella II: Dreams Come True,2002-02-23,57.667,6.1,1183
5000000,643586,en,Willy's Wonderland,431020,88,Willy's Wonderland,2021-02-12,64.677,6.2,534
178000000,137113,en,Edge of Tomorrow,370541256,113,Edge of Tomorrow,2014-05-27,55.942,7.6,11636
40000000,240832,en,Lucy,458863600,89,Lucy,2014-07-25,52.339,6.4,14072
0,594328,en,Phineas and Ferb: The Movie: Candace Against the Universe,0,84,Phineas and Ferb: The Movie: Candace Against the Universe,2020-08-28,51.281,7.4,298
150000000,13448,en,Angels & Demons,485930816,138,Angels & Demons,2009-05-13,67.048,6.7,5806
0,340382,ja,進撃の巨人 ATTACK ON TITAN エンド オブ ザ ワールド,0,87,Attack on Titan II: End of the World,2015-09-01,40.777,5.9,219
82000000,23629,en,Sucker Punch,89792502,110,Sucker Punch,2011-03-24,67.909,6.1,3978
185000000,290859,en,Terminator: Dark Fate,261119292,128,Terminator: Dark Fate,2019-10-23,53.005,6.5,4046
140000000,5174,en,Rush Hour 3,258022233,91,Rush Hour 3,2007-08-08,41.99,6.4,2489
0,760747,no,I onde dager,0,115,The Trip,2011-04-24,6.894,6.8,237
0,760747,no,I onde dager,0,115,The Trip,2021-07-30,101.787,6.7,337
85000000,76492,en,Hotel Transylvania,358375603,91,Hotel Transylvania,2012-09-20,60.709,7.0,7366
4000000,10112,en,The Aristocats,55675257,78,The Aristocats,1970-12-24,47.672,7.3,4202
12500000,14574,en,The Boy in the Striped Pyjamas,20416563,94,The Boy in the Striped Pyjamas,2008-05-07,35.101,7.9,5842
105000000,278154,en,Ice Age: Collision Course,408579038,95,Ice Age: Collision Course,2016-06-23,68.025,6.1,3773
75000000,360920,en,The Grinch,508575295,85,The Grinch,2018-11-08,63.194,6.8,2973
30000000,13460,en,Doomsday,22472631,108,Doomsday,2008-03-14,24.738,5.9,961
6000000,10882,en,Sleeping Beauty,51600000,75,Sleeping Beauty,1959-02-17,48.926,6.9,4340
